price,rating,title
"1,475",4 Stars & Up,"Hands-On Machine Learning with Scikit-Learn and Tensor Flow: Concepts, Tools, and Techniques to Build Intelligent Systems"
"1,330",3 Stars & Up,Machine Learning
455,2 Stars & Up,Machine Learning (in Python and R) For Dummies
615,1 Star & Up,"Efficient Learning Machines: Theories, Concepts, and Applications for Engineers and System Designers"
568,4.5 out of 5 stars,Introduction to Machine Learning with Python: A Guide for Data Scientists
699,4.1 out of 5 stars,Machine Learning with Python Cookbook: Practical Solutions from Preprocessing to Deep Learning
353,4.5 out of 5 stars,Machine Learning
0,4.2 out of 5 stars,"Fundamentals of Machine Learning for Predictive Data Analytics â€“ Algorithms, Worked Examples, and Case Studies (The MIT Press)"
"2,639",3.9 out of 5 stars,TensorFlow Machine Learning Projects: Build 13 real-world projects with advanced numerical computations using the Python ecosystem
"2,999",5.0 out of 5 stars,Machine Learning
"1,200",4.3 out of 5 stars,Machine Learning with Python
"1,140",5.0 out of 5 stars,MACHINE LEARNING (Int'l Ed) (Mcgraw-Hill International Edit)
900,5.0 out of 5 stars,Machine Learning for Developers
855,2.8 out of 5 stars,Practical Machine Learning: Innovations in Recommendation
360,3.7 out of 5 stars,Machine Learning in Python
549,4.1 out of 5 stars,Machine Learning: A Bayesian and Optimization Perspective (Net Developers)
